project,commit,test_num,flaky_num
graphaware/reco,5bc1ea8,233,1
huchengming/In-Memory-Counter,7960e9f,279,103
testinfected/time,f3167b5,264,69
fabric8io/zjsonpatch,d62dd71,159,52
seasarorg/mayaa,a450bc2,373,1
bennidi/lab,3e9f262,258,13
StefaniniInspiring/pugtsdb,811a08c,313,3
j256/simplemetrics,498e29e,241,2
ThaliaBuecherGmbH/thalia-junit-postgres,71c2346,21,1
rolfl/MicroBench,f2bfa92,305,1
jembi/openhim-mediator-engine-java,02adc0d,272,5
yankeguo/xlog-java,d42cdfd,295,19
edwardcapriolo/gossip,ac87301,283,8
lemire/externalsortinginjava,f8f42f4,233,88
goldolphin/cate,1a04b81,128,5
alipay/sofa-common-tools,e015195,373,2
kestreldigital/data-conjuror,2f1c934,212,213
spullara/java-future-jdk8,5925719,282,10
j256/simplejmx,d2323a0,283,1
fluent/fluent-logger-java,da14ec3,279,7
BriteSnow/jomni,311b3e2,106,1
edgar615/util,040e163,321,13
TareqK/Jesse,cff1b70,293,69
apifortress/apif-faker,002318f,276,206
swiftech/swifttime,d7ddd29,296,10
julman99/gson-fire,5dd4cd7,307,8
itsajskid/jrgen,fff9ac0,271,6
myzhan/locust4j,ee7850f,182,18
resourcepool/little-bob,24e5402,245,29
krka/mockachino,9bcdda0,300,72
maxonrow/mxw-sdk-java,dc83702,342,7
819548945/tool-encryptionAndDecryption-core,0d6503e,408,3
stoyanr/Evictor,6c2dcd3,310,1
michaelmosmann/embedmongo-flapdoodle-de,e7f2cbe,205,32
DiUS/java-faker,a8b8ff0,280,173
DataONEorg/d1-cn-common,9f12467,321,44
daniel/frak-dummy4j,f72e258,366,10
WesleyOne/qy-weixin-robot-spring-boot-starter,7a359de,256,8
anitechcs/resting,d375fec,281,1
projectodd/sockjs-servlet,bd7a20c,300,40
