project,sha,test,line,run_times,wrong_times,is_flaky,line_content
lemire-externalsortinginjava,f8f42f44ead1de474491422057814e9b2781382c,test027_1,19,10,1,flaky,"org.junit.Assert.assertTrue(""'"" + long0 + ""' != '"" + 3678347920L + ""'"", long0 == 3678347920L);"
lemire-externalsortinginjava,f8f42f44ead1de474491422057814e9b2781382c,test044_1,26,10,1,flaky,"org.junit.Assert.assertTrue(""'"" + long0 + ""' != '"" + 208934592L + ""'"", long0 == 208934592L);"
lemire-externalsortinginjava,f8f42f44ead1de474491422057814e9b2781382c,test065_1,62,10,1,flaky,"org.junit.Assert.assertEquals(file12.toString(), ""/tmp/sortInBatch4430449119431843195flatfile"");"
lemire-externalsortinginjava,f8f42f44ead1de474491422057814e9b2781382c,test066_1,122,10,1,flaky,"org.junit.Assert.assertEquals(file12.toString(), ""/tmp/sortInBatch2843537776127263123flatfile"");"
lemire-externalsortinginjava,f8f42f44ead1de474491422057814e9b2781382c,test066_2,213,10,1,flaky,"org.junit.Assert.assertEquals(file26.toString(), ""/tmp/sortInBatch5691206904551323033flatfile"");"
lemire-externalsortinginjava,f8f42f44ead1de474491422057814e9b2781382c,test066_3,306,10,1,flaky,"org.junit.Assert.assertEquals(file43.toString(), ""/tmp/sortInBatch8159713352851281416flatfile"");"
lemire-externalsortinginjava,f8f42f44ead1de474491422057814e9b2781382c,test067_1,356,10,1,flaky,"org.junit.Assert.assertEquals(file12.toString(), ""/tmp/sortInBatch7413016710254379533flatfile"");"
lemire-externalsortinginjava,f8f42f44ead1de474491422057814e9b2781382c,test067_2,431,10,1,flaky,"org.junit.Assert.assertEquals(file29.toString(), ""/tmp/sortInBatch5448768458862147907flatfile"");"
lemire-externalsortinginjava,f8f42f44ead1de474491422057814e9b2781382c,test068_1,491,10,1,flaky,"org.junit.Assert.assertEquals(file12.toString(), ""/tmp/sortInBatch5261377742293889194flatfile"");"
lemire-externalsortinginjava,f8f42f44ead1de474491422057814e9b2781382c,test068_2,580,10,1,flaky,"org.junit.Assert.assertEquals(file25.toString(), ""/tmp/sortInBatch3486833080991990964flatfile"");"
lemire-externalsortinginjava,f8f42f44ead1de474491422057814e9b2781382c,test068_3,671,10,1,flaky,"org.junit.Assert.assertEquals(file41.toString(), ""/tmp/sortInBatch3421409708866210191flatfile"");"
lemire-externalsortinginjava,f8f42f44ead1de474491422057814e9b2781382c,test070_1,716,10,1,flaky,"org.junit.Assert.assertEquals(file12.toString(), ""/tmp/sortInBatch3611292103230699599flatfile"");"
lemire-externalsortinginjava,f8f42f44ead1de474491422057814e9b2781382c,test070_2,780,10,1,flaky,"org.junit.Assert.assertEquals(file26.toString(), ""/tmp/sortInBatch8654273371732028585flatfile"");"
lemire-externalsortinginjava,f8f42f44ead1de474491422057814e9b2781382c,test072_1,824,10,1,flaky,"org.junit.Assert.assertEquals(file14.toString(), ""/tmp/sortInBatch2862815285784307063flatfile"");"
lemire-externalsortinginjava,f8f42f44ead1de474491422057814e9b2781382c,test072_2,885,10,1,flaky,"org.junit.Assert.assertEquals(file28.toString(), ""/tmp/sortInBatch905144357686615305flatfile"");"
lemire-externalsortinginjava,f8f42f44ead1de474491422057814e9b2781382c,test073_1,945,10,1,flaky,"org.junit.Assert.assertEquals(file12.toString(), ""/tmp/sortInBatch1280633622132302574flatfile"");"
lemire-externalsortinginjava,f8f42f44ead1de474491422057814e9b2781382c,test073_2,1039,10,1,flaky,"org.junit.Assert.assertEquals(file25.toString(), ""/tmp/sortInBatch8676320991822361222flatfile"");"
lemire-externalsortinginjava,f8f42f44ead1de474491422057814e9b2781382c,test073_3,1130,10,1,flaky,"org.junit.Assert.assertEquals(file34.toString(), ""/tmp/sortInBatch5476751005516361435flatfile"");"
lemire-externalsortinginjava,f8f42f44ead1de474491422057814e9b2781382c,test073_4,1225,10,1,flaky,"org.junit.Assert.assertEquals(file51.toString(), ""/tmp/sortInBatch5597091246140065083flatfile"");"
lemire-externalsortinginjava,f8f42f44ead1de474491422057814e9b2781382c,test074_1,1269,10,1,flaky,"org.junit.Assert.assertEquals(file12.toString(), ""/tmp/sortInBatch2003778649172296140flatfile"");"
lemire-externalsortinginjava,f8f42f44ead1de474491422057814e9b2781382c,test074_2,1333,10,1,flaky,"org.junit.Assert.assertEquals(file29.toString(), ""/tmp/sortInBatch650309257357568861flatfile"");"
lemire-externalsortinginjava,f8f42f44ead1de474491422057814e9b2781382c,test075_1,1394,10,1,flaky,"org.junit.Assert.assertEquals(file12.toString(), ""/tmp/sortInBatch7746815971091055539flatfile"");"
lemire-externalsortinginjava,f8f42f44ead1de474491422057814e9b2781382c,test075_2,1492,10,1,flaky,"org.junit.Assert.assertEquals(file29.toString(), ""/tmp/sortInBatch6411988179496043781flatfile"");"
lemire-externalsortinginjava,f8f42f44ead1de474491422057814e9b2781382c,test075_3,1588,10,1,flaky,"org.junit.Assert.assertEquals(file42.toString(), ""/tmp/sortInBatch4513393125911129035flatfile"");"
lemire-externalsortinginjava,f8f42f44ead1de474491422057814e9b2781382c,test075_4,1681,10,1,flaky,"org.junit.Assert.assertEquals(file51.toString(), ""/tmp/sortInBatch2189379217356456207flatfile"");"
lemire-externalsortinginjava,f8f42f44ead1de474491422057814e9b2781382c,test077_1,1740,10,1,flaky,"org.junit.Assert.assertEquals(file12.toString(), ""/tmp/sortInBatch8010223077769493269flatfile"");"
lemire-externalsortinginjava,f8f42f44ead1de474491422057814e9b2781382c,test077_2,1834,10,1,flaky,"org.junit.Assert.assertEquals(file27.toString(), ""/tmp/sortInBatch1702466139334909811flatfile"");"
lemire-externalsortinginjava,f8f42f44ead1de474491422057814e9b2781382c,test077_3,1927,10,1,flaky,"org.junit.Assert.assertEquals(file40.toString(), ""/tmp/sortInBatch6860741479215798553flatfile"");"
lemire-externalsortinginjava,f8f42f44ead1de474491422057814e9b2781382c,test077_4,2017,10,1,flaky,"org.junit.Assert.assertEquals(file49.toString(), ""/tmp/sortInBatch5527515743142626259flatfile"");"
lemire-externalsortinginjava,f8f42f44ead1de474491422057814e9b2781382c,test079_1,2097,10,1,flaky,"org.junit.Assert.assertEquals(file12.toString(), ""/tmp/sortInBatch792713125840634030flatfile"");"
lemire-externalsortinginjava,f8f42f44ead1de474491422057814e9b2781382c,test079_2,2229,10,1,flaky,"org.junit.Assert.assertEquals(file25.toString(), ""/tmp/sortInBatch3321724346884367094flatfile"");"
lemire-externalsortinginjava,f8f42f44ead1de474491422057814e9b2781382c,test079_3,2361,10,1,flaky,"org.junit.Assert.assertEquals(file38.toString(), ""/tmp/sortInBatch3389673785446201037flatfile"");"
lemire-externalsortinginjava,f8f42f44ead1de474491422057814e9b2781382c,test079_4,2495,10,1,flaky,"org.junit.Assert.assertEquals(file53.toString(), ""/tmp/sortInBatch7198471962358757000flatfile"");"
lemire-externalsortinginjava,f8f42f44ead1de474491422057814e9b2781382c,test079_5,2630,10,1,flaky,"org.junit.Assert.assertEquals(file70.toString(), ""/tmp/sortInBatch4020311623349830909flatfile"");"
lemire-externalsortinginjava,f8f42f44ead1de474491422057814e9b2781382c,test081_1,2690,10,1,flaky,"org.junit.Assert.assertEquals(file19.toString(), ""/tmp/sortInBatch7359032189079851449flatfile"");"
lemire-externalsortinginjava,f8f42f44ead1de474491422057814e9b2781382c,test081_2,2773,10,1,flaky,"org.junit.Assert.assertEquals(file32.toString(), ""/tmp/sortInBatch5512435317387612242flatfile"");"
lemire-externalsortinginjava,f8f42f44ead1de474491422057814e9b2781382c,test081_3,2853,10,1,flaky,"org.junit.Assert.assertEquals(file41.toString(), ""/tmp/sortInBatch9087056268656960815flatfile"");"
lemire-externalsortinginjava,f8f42f44ead1de474491422057814e9b2781382c,test083_1,2912,10,1,flaky,"org.junit.Assert.assertEquals(file19.toString(), ""/tmp/sortInBatch6488882370912241546flatfile"");"
lemire-externalsortinginjava,f8f42f44ead1de474491422057814e9b2781382c,test083_2,2995,10,1,flaky,"org.junit.Assert.assertEquals(file32.toString(), ""/tmp/sortInBatch371891475502061369flatfile"");"
lemire-externalsortinginjava,f8f42f44ead1de474491422057814e9b2781382c,test083_3,3075,10,1,flaky,"org.junit.Assert.assertEquals(file41.toString(), ""/tmp/sortInBatch1511278969816029322flatfile"");"
lemire-externalsortinginjava,f8f42f44ead1de474491422057814e9b2781382c,test084_1,3141,10,1,flaky,"org.junit.Assert.assertEquals(file13.toString(), ""/tmp/sortInBatch2775571805574072381flatfile"");"
lemire-externalsortinginjava,f8f42f44ead1de474491422057814e9b2781382c,test084_2,3246,10,1,flaky,"org.junit.Assert.assertEquals(file27.toString(), ""/tmp/sortInBatch298762147423102047flatfile"");"
lemire-externalsortinginjava,f8f42f44ead1de474491422057814e9b2781382c,test084_3,3350,10,1,flaky,"org.junit.Assert.assertEquals(file40.toString(), ""/tmp/sortInBatch198205348438700300flatfile"");"
lemire-externalsortinginjava,f8f42f44ead1de474491422057814e9b2781382c,test084_4,3451,10,1,flaky,"org.junit.Assert.assertEquals(file49.toString(), ""/tmp/sortInBatch1953851980987404349flatfile"");"
lemire-externalsortinginjava,f8f42f44ead1de474491422057814e9b2781382c,test085_1,3546,10,1,flaky,"org.junit.Assert.assertEquals(file12.toString(), ""/tmp/sortInBatch2847640085657438866flatfile"");"
lemire-externalsortinginjava,f8f42f44ead1de474491422057814e9b2781382c,test085_2,3697,10,1,flaky,"org.junit.Assert.assertEquals(file25.toString(), ""/tmp/sortInBatch4972326644634193520flatfile"");"
lemire-externalsortinginjava,f8f42f44ead1de474491422057814e9b2781382c,test085_3,3845,10,1,flaky,"org.junit.Assert.assertEquals(file34.toString(), ""/tmp/sortInBatch5813769203754136417flatfile"");"
lemire-externalsortinginjava,f8f42f44ead1de474491422057814e9b2781382c,test085_4,3997,10,1,flaky,"org.junit.Assert.assertEquals(file49.toString(), ""/tmp/sortInBatch538856053505207875flatfile"");"
lemire-externalsortinginjava,f8f42f44ead1de474491422057814e9b2781382c,test085_5,4149,10,1,flaky,"org.junit.Assert.assertEquals(file63.toString(), ""/tmp/sortInBatch397331358932717759flatfile"");"
lemire-externalsortinginjava,f8f42f44ead1de474491422057814e9b2781382c,test085_6,4300,10,1,flaky,"org.junit.Assert.assertEquals(file76.toString(), ""/tmp/sortInBatch988525167361996340flatfile"");"
lemire-externalsortinginjava,f8f42f44ead1de474491422057814e9b2781382c,test085_7,4448,10,1,flaky,"org.junit.Assert.assertEquals(file85.toString(), ""/tmp/sortInBatch2350438489918946425flatfile"");"
lemire-externalsortinginjava,f8f42f44ead1de474491422057814e9b2781382c,test087_1,4501,10,1,flaky,"org.junit.Assert.assertEquals(file12.toString(), ""/tmp/sortInBatch3729385911979860517flatfile"");"
lemire-externalsortinginjava,f8f42f44ead1de474491422057814e9b2781382c,test087_2,4578,10,1,flaky,"org.junit.Assert.assertEquals(file25.toString(), ""/tmp/sortInBatch5243237241311971509flatfile"");"
lemire-externalsortinginjava,f8f42f44ead1de474491422057814e9b2781382c,test087_3,4652,10,1,flaky,"org.junit.Assert.assertEquals(file34.toString(), ""/tmp/sortInBatch7530348349734604094flatfile"");"
lemire-externalsortinginjava,f8f42f44ead1de474491422057814e9b2781382c,test088_1,4741,10,1,flaky,"org.junit.Assert.assertEquals(file12.toString(), ""/tmp/sortInBatch5037216120936387521flatfile"");"
lemire-externalsortinginjava,f8f42f44ead1de474491422057814e9b2781382c,test088_2,4888,10,1,flaky,"org.junit.Assert.assertEquals(file25.toString(), ""/tmp/sortInBatch8753824677057727949flatfile"");"
lemire-externalsortinginjava,f8f42f44ead1de474491422057814e9b2781382c,test088_3,5032,10,1,flaky,"org.junit.Assert.assertEquals(file34.toString(), ""/tmp/sortInBatch9084893412237693461flatfile"");"
lemire-externalsortinginjava,f8f42f44ead1de474491422057814e9b2781382c,test088_4,5179,10,1,flaky,"org.junit.Assert.assertEquals(file47.toString(), ""/tmp/sortInBatch8025876723657702130flatfile"");"
lemire-externalsortinginjava,f8f42f44ead1de474491422057814e9b2781382c,test088_5,5327,10,1,flaky,"org.junit.Assert.assertEquals(file61.toString(), ""/tmp/sortInBatch4580803148114668462flatfile"");"
lemire-externalsortinginjava,f8f42f44ead1de474491422057814e9b2781382c,test088_6,5474,10,1,flaky,"org.junit.Assert.assertEquals(file74.toString(), ""/tmp/sortInBatch6572545234486763704flatfile"");"
lemire-externalsortinginjava,f8f42f44ead1de474491422057814e9b2781382c,test088_7,5618,10,1,flaky,"org.junit.Assert.assertEquals(file83.toString(), ""/tmp/sortInBatch8736260070624577323flatfile"");"
lemire-externalsortinginjava,f8f42f44ead1de474491422057814e9b2781382c,test090_1,5663,10,1,flaky,"org.junit.Assert.assertEquals(file15.toString(), ""/tmp/sortInBatch5596118291028921271flatfile"");"
lemire-externalsortinginjava,f8f42f44ead1de474491422057814e9b2781382c,test091_1,5726,10,1,flaky,"org.junit.Assert.assertEquals(file12.toString(), ""/tmp/sortInBatch3230104118301078693flatfile"");"
lemire-externalsortinginjava,f8f42f44ead1de474491422057814e9b2781382c,test091_2,5819,10,1,flaky,"org.junit.Assert.assertEquals(file25.toString(), ""/tmp/sortInBatch6432712827228716384flatfile"");"
lemire-externalsortinginjava,f8f42f44ead1de474491422057814e9b2781382c,test091_3,5909,10,1,flaky,"org.junit.Assert.assertEquals(file34.toString(), ""/tmp/sortInBatch8822771500043083727flatfile"");"
lemire-externalsortinginjava,f8f42f44ead1de474491422057814e9b2781382c,test091_4,6003,10,1,flaky,"org.junit.Assert.assertEquals(file50.toString(), ""/tmp/sortInBatch8727059590524306473flatfile"");"
lemire-externalsortinginjava,f8f42f44ead1de474491422057814e9b2781382c,test093_1,6051,10,1,flaky,"org.junit.Assert.assertEquals(file12.toString(), ""/tmp/sortInBatch6309021195562030927flatfile"");"
lemire-externalsortinginjava,f8f42f44ead1de474491422057814e9b2781382c,test093_2,6124,10,1,flaky,"org.junit.Assert.assertEquals(file25.toString(), ""/tmp/sortInBatch952489663217187204flatfile"");"
lemire-externalsortinginjava,f8f42f44ead1de474491422057814e9b2781382c,test093_3,6194,10,1,flaky,"org.junit.Assert.assertEquals(file34.toString(), ""/tmp/sortInBatch6716093982561572458flatfile"");"
lemire-externalsortinginjava,f8f42f44ead1de474491422057814e9b2781382c,test095_1,6283,10,1,flaky,"org.junit.Assert.assertEquals(file12.toString(), ""/tmp/sortInBatch8480020748902143018flatfile"");"
lemire-externalsortinginjava,f8f42f44ead1de474491422057814e9b2781382c,test095_2,6432,10,1,flaky,"org.junit.Assert.assertEquals(file26.toString(), ""/tmp/sortInBatch8415289660247776095flatfile"");"
lemire-externalsortinginjava,f8f42f44ead1de474491422057814e9b2781382c,test095_3,6584,10,1,flaky,"org.junit.Assert.assertEquals(file44.toString(), ""/tmp/sortInBatch8306128740010753094flatfile"");"
lemire-externalsortinginjava,f8f42f44ead1de474491422057814e9b2781382c,test095_4,6733,10,1,flaky,"org.junit.Assert.assertEquals(file58.toString(), ""/tmp/sortInBatch4606883499429458171flatfile"");"
lemire-externalsortinginjava,f8f42f44ead1de474491422057814e9b2781382c,test095_5,6881,10,1,flaky,"org.junit.Assert.assertEquals(file71.toString(), ""/tmp/sortInBatch7086683141173100132flatfile"");"
lemire-externalsortinginjava,f8f42f44ead1de474491422057814e9b2781382c,test095_6,7026,10,1,flaky,"org.junit.Assert.assertEquals(file80.toString(), ""/tmp/sortInBatch6074805169581356125flatfile"");"
lemire-externalsortinginjava,f8f42f44ead1de474491422057814e9b2781382c,test096_1,7076,10,1,flaky,"org.junit.Assert.assertEquals(file12.toString(), ""/tmp/sortInBatch4828147064510320347flatfile"");"
lemire-externalsortinginjava,f8f42f44ead1de474491422057814e9b2781382c,test096_2,7147,10,1,flaky,"org.junit.Assert.assertEquals(file26.toString(), ""/tmp/sortInBatch400013016360013108flatfile"");"
lemire-externalsortinginjava,f8f42f44ead1de474491422057814e9b2781382c,test098_1,7207,10,1,flaky,"org.junit.Assert.assertEquals(file12.toString(), ""/tmp/sortInBatch4050288882583180641flatfile"");"
lemire-externalsortinginjava,f8f42f44ead1de474491422057814e9b2781382c,test098_2,7296,10,1,flaky,"org.junit.Assert.assertEquals(file26.toString(), ""/tmp/sortInBatch1524290004238962672flatfile"");"
lemire-externalsortinginjava,f8f42f44ead1de474491422057814e9b2781382c,test098_3,7388,10,1,flaky,"org.junit.Assert.assertEquals(file44.toString(), ""/tmp/sortInBatch1960840293975543609flatfile"");"
lemire-externalsortinginjava,f8f42f44ead1de474491422057814e9b2781382c,test100_1,7471,10,1,flaky,"org.junit.Assert.assertEquals(file12.toString(), ""/tmp/sortInBatch5506208572178835646flatfile"");"
lemire-externalsortinginjava,f8f42f44ead1de474491422057814e9b2781382c,test100_2,7610,10,1,flaky,"org.junit.Assert.assertEquals(file25.toString(), ""/tmp/sortInBatch8994706735311825589flatfile"");"
lemire-externalsortinginjava,f8f42f44ead1de474491422057814e9b2781382c,test100_3,7746,10,1,flaky,"org.junit.Assert.assertEquals(file34.toString(), ""/tmp/sortInBatch7375569524770894950flatfile"");"
lemire-externalsortinginjava,f8f42f44ead1de474491422057814e9b2781382c,test100_4,7885,10,1,flaky,"org.junit.Assert.assertEquals(file47.toString(), ""/tmp/sortInBatch5639667517060766309flatfile"");"
lemire-externalsortinginjava,f8f42f44ead1de474491422057814e9b2781382c,test100_5,8025,10,1,flaky,"org.junit.Assert.assertEquals(file61.toString(), ""/tmp/sortInBatch6903965807097665543flatfile"");"
lemire-externalsortinginjava,f8f42f44ead1de474491422057814e9b2781382c,test100_6,8168,10,1,flaky,"org.junit.Assert.assertEquals(file81.toString(), ""/tmp/sortInBatch1171716202163342176flatfile"");"
lemire-externalsortinginjava,f8f42f44ead1de474491422057814e9b2781382c,test101_1,8211,10,1,flaky,"org.junit.Assert.assertEquals(file19.toString(), ""/tmp/sortInBatch5730525465795883478flatfile"");"
lemire-externalsortinginjava,f8f42f44ead1de474491422057814e9b2781382c,test102_1,8268,10,1,flaky,"org.junit.Assert.assertEquals(file12.toString(), ""/tmp/sortInBatch328299970081243636flatfile"");"
lemire-externalsortinginjava,f8f42f44ead1de474491422057814e9b2781382c,test102_2,8360,10,1,flaky,"org.junit.Assert.assertEquals(file26.toString(), ""/tmp/sortInBatch5590939376955824519flatfile"");"
lemire-externalsortinginjava,f8f42f44ead1de474491422057814e9b2781382c,test102_3,8451,10,1,flaky,"org.junit.Assert.assertEquals(file39.toString(), ""/tmp/sortInBatch5282728473058752327flatfile"");"
lemire-externalsortinginjava,f8f42f44ead1de474491422057814e9b2781382c,test102_4,8539,10,1,flaky,"org.junit.Assert.assertEquals(file48.toString(), ""/tmp/sortInBatch4109210174277917598flatfile"");"
lemire-externalsortinginjava,f8f42f44ead1de474491422057814e9b2781382c,test103_1,8624,10,1,flaky,"org.junit.Assert.assertEquals(file12.toString(), ""/tmp/sortInBatch2879747107374248740flatfile"");"
lemire-externalsortinginjava,f8f42f44ead1de474491422057814e9b2781382c,test103_2,8769,10,1,flaky,"org.junit.Assert.assertEquals(file25.toString(), ""/tmp/sortInBatch9171503355416800763flatfile"");"
lemire-externalsortinginjava,f8f42f44ead1de474491422057814e9b2781382c,test103_3,8911,10,1,flaky,"org.junit.Assert.assertEquals(file34.toString(), ""/tmp/sortInBatch891984913252233217flatfile"");"
lemire-externalsortinginjava,f8f42f44ead1de474491422057814e9b2781382c,test103_4,9057,10,1,flaky,"org.junit.Assert.assertEquals(file48.toString(), ""/tmp/sortInBatch676628712024105591flatfile"");"
lemire-externalsortinginjava,f8f42f44ead1de474491422057814e9b2781382c,test103_5,9203,10,1,flaky,"org.junit.Assert.assertEquals(file62.toString(), ""/tmp/sortInBatch7374197824844688851flatfile"");"
lemire-externalsortinginjava,f8f42f44ead1de474491422057814e9b2781382c,test103_6,9348,10,1,flaky,"org.junit.Assert.assertEquals(file75.toString(), ""/tmp/sortInBatch5010394067671923919flatfile"");"
lemire-externalsortinginjava,f8f42f44ead1de474491422057814e9b2781382c,test103_7,9490,10,1,flaky,"org.junit.Assert.assertEquals(file84.toString(), ""/tmp/sortInBatch5447772090701051247flatfile"");"
lemire-externalsortinginjava,f8f42f44ead1de474491422057814e9b2781382c,test107_1,9578,10,1,flaky,"org.junit.Assert.assertEquals(file12.toString(), ""/tmp/sortInBatch3548812150369206283flatfile"");"
lemire-externalsortinginjava,f8f42f44ead1de474491422057814e9b2781382c,test107_2,9721,10,1,flaky,"org.junit.Assert.assertEquals(file27.toString(), ""/tmp/sortInBatch6602175094259303530flatfile"");"
lemire-externalsortinginjava,f8f42f44ead1de474491422057814e9b2781382c,test107_3,9864,10,1,flaky,"org.junit.Assert.assertEquals(file41.toString(), ""/tmp/sortInBatch2460690132236433006flatfile"");"
lemire-externalsortinginjava,f8f42f44ead1de474491422057814e9b2781382c,test107_4,10007,10,1,flaky,"org.junit.Assert.assertEquals(file55.toString(), ""/tmp/sortInBatch4035678509835763736flatfile"");"
lemire-externalsortinginjava,f8f42f44ead1de474491422057814e9b2781382c,test107_5,10149,10,1,flaky,"org.junit.Assert.assertEquals(file68.toString(), ""/tmp/sortInBatch1090492521707251473flatfile"");"
lemire-externalsortinginjava,f8f42f44ead1de474491422057814e9b2781382c,test107_6,10288,10,1,flaky,"org.junit.Assert.assertEquals(file77.toString(), ""/tmp/sortInBatch138430364024375397flatfile"");"
lemire-externalsortinginjava,f8f42f44ead1de474491422057814e9b2781382c,test108_1,10343,10,1,flaky,"org.junit.Assert.assertEquals(file12.toString(), ""/tmp/sortInBatch6034597117362645573flatfile"");"
lemire-externalsortinginjava,f8f42f44ead1de474491422057814e9b2781382c,test108_2,10422,10,1,flaky,"org.junit.Assert.assertEquals(file25.toString(), ""/tmp/sortInBatch8156898541468272332flatfile"");"
lemire-externalsortinginjava,f8f42f44ead1de474491422057814e9b2781382c,test108_3,10498,10,1,flaky,"org.junit.Assert.assertEquals(file34.toString(), ""/tmp/sortInBatch8157380920829753915flatfile"");"
lemire-externalsortinginjava,f8f42f44ead1de474491422057814e9b2781382c,test110_1,10551,10,1,flaky,"org.junit.Assert.assertEquals(file13.toString(), ""/tmp/sortInBatch157101905775405191flatfile"");"
lemire-externalsortinginjava,f8f42f44ead1de474491422057814e9b2781382c,test110_2,10628,10,1,flaky,"org.junit.Assert.assertEquals(file27.toString(), ""/tmp/sortInBatch1955105021283486072flatfile"");"
lemire-externalsortinginjava,f8f42f44ead1de474491422057814e9b2781382c,test112_1,10723,10,1,flaky,"org.junit.Assert.assertEquals(file12.toString(), ""/tmp/sortInBatch6001459411653183876flatfile"");"
lemire-externalsortinginjava,f8f42f44ead1de474491422057814e9b2781382c,test112_2,10870,10,1,flaky,"org.junit.Assert.assertEquals(file25.toString(), ""/tmp/sortInBatch5146940593105266510flatfile"");"
lemire-externalsortinginjava,f8f42f44ead1de474491422057814e9b2781382c,test112_3,11018,10,1,flaky,"org.junit.Assert.assertEquals(file39.toString(), ""/tmp/sortInBatch4909741698110005324flatfile"");"
lemire-externalsortinginjava,f8f42f44ead1de474491422057814e9b2781382c,test112_4,11166,10,1,flaky,"org.junit.Assert.assertEquals(file53.toString(), ""/tmp/sortInBatch4295216028717942485flatfile"");"
lemire-externalsortinginjava,f8f42f44ead1de474491422057814e9b2781382c,test112_5,11313,10,1,flaky,"org.junit.Assert.assertEquals(file66.toString(), ""/tmp/sortInBatch6028147060769698889flatfile"");"
lemire-externalsortinginjava,f8f42f44ead1de474491422057814e9b2781382c,test112_6,11457,10,1,flaky,"org.junit.Assert.assertEquals(file75.toString(), ""/tmp/sortInBatch5202768726731111006flatfile"");"
lemire-externalsortinginjava,f8f42f44ead1de474491422057814e9b2781382c,test114_1,11542,10,1,flaky,"org.junit.Assert.assertEquals(file16.toString(), ""/tmp/sortInBatch4189382226959792429flatfile"");"
lemire-externalsortinginjava,f8f42f44ead1de474491422057814e9b2781382c,test114_2,11668,10,1,flaky,"org.junit.Assert.assertEquals(file30.toString(), ""/tmp/sortInBatch5111996565869073284flatfile"");"
lemire-externalsortinginjava,f8f42f44ead1de474491422057814e9b2781382c,test114_3,11793,10,1,flaky,"org.junit.Assert.assertEquals(file43.toString(), ""/tmp/sortInBatch186756388590342669flatfile"");"
lemire-externalsortinginjava,f8f42f44ead1de474491422057814e9b2781382c,test114_4,11915,10,1,flaky,"org.junit.Assert.assertEquals(file52.toString(), ""/tmp/sortInBatch5150785857920379511flatfile"");"
lemire-externalsortinginjava,f8f42f44ead1de474491422057814e9b2781382c,test114_5,12042,10,1,flaky,"org.junit.Assert.assertEquals(file69.toString(), ""/tmp/sortInBatch7688847330186764065flatfile"");"
lemire-externalsortinginjava,f8f42f44ead1de474491422057814e9b2781382c,test115_1,12083,10,1,flaky,"org.junit.Assert.assertEquals(file12.toString(), ""/tmp/sortInBatch5981694707276414181flatfile"");"
lemire-externalsortinginjava,f8f42f44ead1de474491422057814e9b2781382c,test115_2,12148,10,1,flaky,"org.junit.Assert.assertEquals(file26.toString(), ""/tmp/sortInBatch8754938737397981875flatfile"");"
lemire-externalsortinginjava,f8f42f44ead1de474491422057814e9b2781382c,test117_1,12243,10,1,flaky,"org.junit.Assert.assertEquals(file12.toString(), ""/tmp/sortInBatch5830508380955487006flatfile"");"
lemire-externalsortinginjava,f8f42f44ead1de474491422057814e9b2781382c,test117_2,12401,10,1,flaky,"org.junit.Assert.assertEquals(file25.toString(), ""/tmp/sortInBatch4976053486017962729flatfile"");"
lemire-externalsortinginjava,f8f42f44ead1de474491422057814e9b2781382c,test117_3,12556,10,1,flaky,"org.junit.Assert.assertEquals(file34.toString(), ""/tmp/sortInBatch4338267062794687560flatfile"");"
lemire-externalsortinginjava,f8f42f44ead1de474491422057814e9b2781382c,test117_4,12715,10,1,flaky,"org.junit.Assert.assertEquals(file48.toString(), ""/tmp/sortInBatch5576844221967524795flatfile"");"
lemire-externalsortinginjava,f8f42f44ead1de474491422057814e9b2781382c,test117_5,12874,10,1,flaky,"org.junit.Assert.assertEquals(file62.toString(), ""/tmp/sortInBatch3294968633123075591flatfile"");"
lemire-externalsortinginjava,f8f42f44ead1de474491422057814e9b2781382c,test117_6,13032,10,1,flaky,"org.junit.Assert.assertEquals(file75.toString(), ""/tmp/sortInBatch8415172025566392637flatfile"");"
lemire-externalsortinginjava,f8f42f44ead1de474491422057814e9b2781382c,test117_7,13187,10,1,flaky,"org.junit.Assert.assertEquals(file84.toString(), ""/tmp/sortInBatch5771306815158148526flatfile"");"
lemire-externalsortinginjava,f8f42f44ead1de474491422057814e9b2781382c,test122_1,13286,10,1,flaky,"org.junit.Assert.assertEquals(file12.toString(), ""/tmp/sortInBatch644486432060437100flatfile"");"
lemire-externalsortinginjava,f8f42f44ead1de474491422057814e9b2781382c,test122_2,13444,10,1,flaky,"org.junit.Assert.assertEquals(file25.toString(), ""/tmp/sortInBatch1168350104131766587flatfile"");"
lemire-externalsortinginjava,f8f42f44ead1de474491422057814e9b2781382c,test122_3,13599,10,1,flaky,"org.junit.Assert.assertEquals(file34.toString(), ""/tmp/sortInBatch243932429816428633flatfile"");"
lemire-externalsortinginjava,f8f42f44ead1de474491422057814e9b2781382c,test122_4,13758,10,1,flaky,"org.junit.Assert.assertEquals(file48.toString(), ""/tmp/sortInBatch6046355017648366862flatfile"");"
lemire-externalsortinginjava,f8f42f44ead1de474491422057814e9b2781382c,test122_5,13917,10,1,flaky,"org.junit.Assert.assertEquals(file62.toString(), ""/tmp/sortInBatch8851794900765848069flatfile"");"
lemire-externalsortinginjava,f8f42f44ead1de474491422057814e9b2781382c,test122_6,14075,10,1,flaky,"org.junit.Assert.assertEquals(file75.toString(), ""/tmp/sortInBatch5393034783442025748flatfile"");"
lemire-externalsortinginjava,f8f42f44ead1de474491422057814e9b2781382c,test122_7,14230,10,1,flaky,"org.junit.Assert.assertEquals(file84.toString(), ""/tmp/sortInBatch3818979043215880579flatfile"");"
lemire-externalsortinginjava,f8f42f44ead1de474491422057814e9b2781382c,test123_1,14287,10,1,flaky,"org.junit.Assert.assertEquals(file13.toString(), ""/tmp/sortInBatch1069209911236993821flatfile"");"
lemire-externalsortinginjava,f8f42f44ead1de474491422057814e9b2781382c,test123_2,14359,10,1,flaky,"org.junit.Assert.assertEquals(file26.toString(), ""/tmp/sortInBatch411098125392056925flatfile"");"
lemire-externalsortinginjava,f8f42f44ead1de474491422057814e9b2781382c,test123_3,14428,10,1,flaky,"org.junit.Assert.assertEquals(file35.toString(), ""/tmp/sortInBatch2128988103740626248flatfile"");"
lemire-externalsortinginjava,f8f42f44ead1de474491422057814e9b2781382c,test124_1,14500,10,1,flaky,"org.junit.Assert.assertEquals(file12.toString(), ""/tmp/sortInBatch1293601345862448105flatfile"");"
lemire-externalsortinginjava,f8f42f44ead1de474491422057814e9b2781382c,test124_2,14625,10,1,flaky,"org.junit.Assert.assertEquals(file26.toString(), ""/tmp/sortInBatch7005129133247934038flatfile"");"
lemire-externalsortinginjava,f8f42f44ead1de474491422057814e9b2781382c,test124_3,14755,10,1,flaky,"org.junit.Assert.assertEquals(file53.toString(), ""/tmp/sortInBatch3155653499252032806flatfile"");"
lemire-externalsortinginjava,f8f42f44ead1de474491422057814e9b2781382c,test124_4,14880,10,1,flaky,"org.junit.Assert.assertEquals(file67.toString(), ""/tmp/sortInBatch8573888579718884604flatfile"");"
lemire-externalsortinginjava,f8f42f44ead1de474491422057814e9b2781382c,test124_5,15001,10,1,flaky,"org.junit.Assert.assertEquals(file76.toString(), ""/tmp/sortInBatch7369370300172437375flatfile"");"
lemire-externalsortinginjava,f8f42f44ead1de474491422057814e9b2781382c,test125_1,15077,10,1,flaky,"org.junit.Assert.assertEquals(file12.toString(), ""/tmp/sortInBatch4403035329491482764flatfile"");"
lemire-externalsortinginjava,f8f42f44ead1de474491422057814e9b2781382c,test125_2,15199,10,1,flaky,"org.junit.Assert.assertEquals(file26.toString(), ""/tmp/sortInBatch4582145049793807242flatfile"");"
lemire-externalsortinginjava,f8f42f44ead1de474491422057814e9b2781382c,test125_3,15326,10,1,flaky,"org.junit.Assert.assertEquals(file53.toString(), ""/tmp/sortInBatch73305873099452044flatfile"");"
lemire-externalsortinginjava,f8f42f44ead1de474491422057814e9b2781382c,test125_4,15448,10,1,flaky,"org.junit.Assert.assertEquals(file67.toString(), ""/tmp/sortInBatch3348473109843551557flatfile"");"
lemire-externalsortinginjava,f8f42f44ead1de474491422057814e9b2781382c,test127_1,15515,10,1,flaky,"org.junit.Assert.assertEquals(file12.toString(), ""/tmp/sortInBatch7498614160457393841flatfile"");"
lemire-externalsortinginjava,f8f42f44ead1de474491422057814e9b2781382c,test127_2,15617,10,1,flaky,"org.junit.Assert.assertEquals(file25.toString(), ""/tmp/sortInBatch3692587354753456507flatfile"");"
lemire-externalsortinginjava,f8f42f44ead1de474491422057814e9b2781382c,test127_3,15716,10,1,flaky,"org.junit.Assert.assertEquals(file34.toString(), ""/tmp/sortInBatch7472734133831415169flatfile"");"
lemire-externalsortinginjava,f8f42f44ead1de474491422057814e9b2781382c,test127_4,15818,10,1,flaky,"org.junit.Assert.assertEquals(file47.toString(), ""/tmp/sortInBatch2819544067646455652flatfile"");"
lemire-externalsortinginjava,f8f42f44ead1de474491422057814e9b2781382c,test131_1,15908,10,1,flaky,"org.junit.Assert.assertEquals(file12.toString(), ""/tmp/sortInBatch9170913871420252121flatfile"");"
lemire-externalsortinginjava,f8f42f44ead1de474491422057814e9b2781382c,test131_2,16058,10,1,flaky,"org.junit.Assert.assertEquals(file26.toString(), ""/tmp/sortInBatch1805581515844813431flatfile"");"
lemire-externalsortinginjava,f8f42f44ead1de474491422057814e9b2781382c,test131_3,16207,10,1,flaky,"org.junit.Assert.assertEquals(file39.toString(), ""/tmp/sortInBatch7462840724761384811flatfile"");"
lemire-externalsortinginjava,f8f42f44ead1de474491422057814e9b2781382c,test131_4,16353,10,1,flaky,"org.junit.Assert.assertEquals(file48.toString(), ""/tmp/sortInBatch8371294909164876120flatfile"");"
lemire-externalsortinginjava,f8f42f44ead1de474491422057814e9b2781382c,test131_5,16504,10,1,flaky,"org.junit.Assert.assertEquals(file63.toString(), ""/tmp/sortInBatch8997894053195863938flatfile"");"
lemire-externalsortinginjava,f8f42f44ead1de474491422057814e9b2781382c,test131_6,16654,10,1,flaky,"org.junit.Assert.assertEquals(file77.toString(), ""/tmp/sortInBatch6733814483576351002flatfile"");"
lemire-externalsortinginjava,f8f42f44ead1de474491422057814e9b2781382c,test132_1,16707,10,1,flaky,"org.junit.Assert.assertEquals(file26.toString(), ""/tmp/sortInBatch5804978583052918818flatfile"");"
lemire-externalsortinginjava,f8f42f44ead1de474491422057814e9b2781382c,test134_1,16779,10,1,flaky,"org.junit.Assert.assertEquals(file12.toString(), ""/tmp/sortInBatch8405668034209201542flatfile"");"
lemire-externalsortinginjava,f8f42f44ead1de474491422057814e9b2781382c,test134_2,16904,10,1,flaky,"org.junit.Assert.assertEquals(file26.toString(), ""/tmp/sortInBatch9194160028858292742flatfile"");"
lemire-externalsortinginjava,f8f42f44ead1de474491422057814e9b2781382c,test134_3,17034,10,1,flaky,"org.junit.Assert.assertEquals(file53.toString(), ""/tmp/sortInBatch7764278172039857555flatfile"");"
lemire-externalsortinginjava,f8f42f44ead1de474491422057814e9b2781382c,test134_4,17159,10,1,flaky,"org.junit.Assert.assertEquals(file67.toString(), ""/tmp/sortInBatch7743291697507553331flatfile"");"
lemire-externalsortinginjava,f8f42f44ead1de474491422057814e9b2781382c,test134_5,17280,10,1,flaky,"org.junit.Assert.assertEquals(file76.toString(), ""/tmp/sortInBatch3112439828932560269flatfile"");"
lemire-externalsortinginjava,f8f42f44ead1de474491422057814e9b2781382c,test135_1,17372,10,1,flaky,"org.junit.Assert.assertEquals(file12.toString(), ""/tmp/sortInBatch777968487176656778flatfile"");"
lemire-externalsortinginjava,f8f42f44ead1de474491422057814e9b2781382c,test135_2,17524,10,1,flaky,"org.junit.Assert.assertEquals(file26.toString(), ""/tmp/sortInBatch5244402208129309346flatfile"");"
lemire-externalsortinginjava,f8f42f44ead1de474491422057814e9b2781382c,test135_3,17675,10,1,flaky,"org.junit.Assert.assertEquals(file39.toString(), ""/tmp/sortInBatch6733024228305590803flatfile"");"
lemire-externalsortinginjava,f8f42f44ead1de474491422057814e9b2781382c,test135_4,17823,10,1,flaky,"org.junit.Assert.assertEquals(file48.toString(), ""/tmp/sortInBatch2303889279591338223flatfile"");"
lemire-externalsortinginjava,f8f42f44ead1de474491422057814e9b2781382c,test135_5,17976,10,1,flaky,"org.junit.Assert.assertEquals(file64.toString(), ""/tmp/sortInBatch5159770293107800776flatfile"");"
lemire-externalsortinginjava,f8f42f44ead1de474491422057814e9b2781382c,test135_6,18133,10,1,flaky,"org.junit.Assert.assertEquals(file89.toString(), ""/tmp/sortInBatch1946727266892211159flatfile"");"
lemire-externalsortinginjava,f8f42f44ead1de474491422057814e9b2781382c,test136_1,18224,10,1,flaky,"org.junit.Assert.assertEquals(file12.toString(), ""/tmp/sortInBatch4869557619212013325flatfile"");"
lemire-externalsortinginjava,f8f42f44ead1de474491422057814e9b2781382c,test136_2,18382,10,1,flaky,"org.junit.Assert.assertEquals(file25.toString(), ""/tmp/sortInBatch1117348385803656059flatfile"");"
lemire-externalsortinginjava,f8f42f44ead1de474491422057814e9b2781382c,test136_3,18537,10,1,flaky,"org.junit.Assert.assertEquals(file34.toString(), ""/tmp/sortInBatch3176059426865076870flatfile"");"
lemire-externalsortinginjava,f8f42f44ead1de474491422057814e9b2781382c,test136_4,18696,10,1,flaky,"org.junit.Assert.assertEquals(file48.toString(), ""/tmp/sortInBatch621779626091325896flatfile"");"
lemire-externalsortinginjava,f8f42f44ead1de474491422057814e9b2781382c,test136_5,18855,10,1,flaky,"org.junit.Assert.assertEquals(file62.toString(), ""/tmp/sortInBatch4329480626184587711flatfile"");"
lemire-externalsortinginjava,f8f42f44ead1de474491422057814e9b2781382c,test136_6,19013,10,1,flaky,"org.junit.Assert.assertEquals(file75.toString(), ""/tmp/sortInBatch7980059721167096726flatfile"");"
lemire-externalsortinginjava,f8f42f44ead1de474491422057814e9b2781382c,test136_7,19168,10,1,flaky,"org.junit.Assert.assertEquals(file84.toString(), ""/tmp/sortInBatch8985210111024893883flatfile"");"
lemire-externalsortinginjava,f8f42f44ead1de474491422057814e9b2781382c,test139_1,19248,10,1,flaky,"org.junit.Assert.assertEquals(file12.toString(), ""/tmp/sortInBatch647291148443253152flatfile"");"
lemire-externalsortinginjava,f8f42f44ead1de474491422057814e9b2781382c,test139_2,19371,10,1,flaky,"org.junit.Assert.assertEquals(file26.toString(), ""/tmp/sortInBatch971679541416464302flatfile"");"
lemire-externalsortinginjava,f8f42f44ead1de474491422057814e9b2781382c,test139_3,19499,10,1,flaky,"org.junit.Assert.assertEquals(file53.toString(), ""/tmp/sortInBatch95565931431807743flatfile"");"
lemire-externalsortinginjava,f8f42f44ead1de474491422057814e9b2781382c,test139_4,19622,10,1,flaky,"org.junit.Assert.assertEquals(file67.toString(), ""/tmp/sortInBatch8416409439589266904flatfile"");"
lemire-externalsortinginjava,f8f42f44ead1de474491422057814e9b2781382c,test139_5,19741,10,1,flaky,"org.junit.Assert.assertEquals(file76.toString(), ""/tmp/sortInBatch6959766846043035794flatfile"");"
lemire-externalsortinginjava,f8f42f44ead1de474491422057814e9b2781382c,test142_1,19797,10,1,flaky,"org.junit.Assert.assertEquals(file12.toString(), ""/tmp/sortInBatch4788358035420518799flatfile"");"
lemire-externalsortinginjava,f8f42f44ead1de474491422057814e9b2781382c,test142_2,19889,10,1,flaky,"org.junit.Assert.assertEquals(file26.toString(), ""/tmp/sortInBatch5807397465496315044flatfile"");"
lemire-externalsortinginjava,f8f42f44ead1de474491422057814e9b2781382c,test142_3,19986,10,1,flaky,"org.junit.Assert.assertEquals(file53.toString(), ""/tmp/sortInBatch5831363180108970471flatfile"");"
lemire-externalsortinginjava,f8f42f44ead1de474491422057814e9b2781382c,test143_1,20071,10,1,flaky,"org.junit.Assert.assertEquals(file13.toString(), ""/tmp/sortInBatch7685318678764530618flatfile"");"
lemire-externalsortinginjava,f8f42f44ead1de474491422057814e9b2781382c,test143_2,20209,10,1,flaky,"org.junit.Assert.assertEquals(file27.toString(), ""/tmp/sortInBatch9029700636359381542flatfile"");"
lemire-externalsortinginjava,f8f42f44ead1de474491422057814e9b2781382c,test143_3,20352,10,1,flaky,"org.junit.Assert.assertEquals(file54.toString(), ""/tmp/sortInBatch3380187240236224032flatfile"");"
lemire-externalsortinginjava,f8f42f44ead1de474491422057814e9b2781382c,test143_4,20490,10,1,flaky,"org.junit.Assert.assertEquals(file68.toString(), ""/tmp/sortInBatch3587311974235054374flatfile"");"
lemire-externalsortinginjava,f8f42f44ead1de474491422057814e9b2781382c,test143_5,20624,10,1,flaky,"org.junit.Assert.assertEquals(file77.toString(), ""/tmp/sortInBatch228816752616609897flatfile"");"
lemire-externalsortinginjava,f8f42f44ead1de474491422057814e9b2781382c,test144_1,20702,10,1,flaky,"org.junit.Assert.assertEquals(file14.toString(), ""/tmp/sortInBatch3597627004064511691flatfile"");"
lemire-externalsortinginjava,f8f42f44ead1de474491422057814e9b2781382c,test144_2,20824,10,1,flaky,"org.junit.Assert.assertEquals(file28.toString(), ""/tmp/sortInBatch6256241748539133902flatfile"");"
lemire-externalsortinginjava,f8f42f44ead1de474491422057814e9b2781382c,test144_3,20946,10,1,flaky,"org.junit.Assert.assertEquals(file42.toString(), ""/tmp/sortInBatch3663425989500917889flatfile"");"
lemire-externalsortinginjava,f8f42f44ead1de474491422057814e9b2781382c,test144_4,21067,10,1,flaky,"org.junit.Assert.assertEquals(file55.toString(), ""/tmp/sortInBatch844659080921823814flatfile"");"
lemire-externalsortinginjava,f8f42f44ead1de474491422057814e9b2781382c,test144_5,21185,10,1,flaky,"org.junit.Assert.assertEquals(file64.toString(), ""/tmp/sortInBatch4249254719362474320flatfile"");"
lemire-externalsortinginjava,f8f42f44ead1de474491422057814e9b2781382c,test145_1,21244,10,1,flaky,"org.junit.Assert.assertEquals(file12.toString(), ""/tmp/sortInBatch8930049802018803197flatfile"");"
lemire-externalsortinginjava,f8f42f44ead1de474491422057814e9b2781382c,test145_2,21330,10,1,flaky,"org.junit.Assert.assertEquals(file25.toString(), ""/tmp/sortInBatch9002399467066646680flatfile"");"
lemire-externalsortinginjava,f8f42f44ead1de474491422057814e9b2781382c,test145_3,21413,10,1,flaky,"org.junit.Assert.assertEquals(file34.toString(), ""/tmp/sortInBatch2244685763307252768flatfile"");"
lemire-externalsortinginjava,f8f42f44ead1de474491422057814e9b2781382c,test146_1,21481,10,1,flaky,"org.junit.Assert.assertEquals(file13.toString(), ""/tmp/sortInBatch8978936491506678811flatfile"");"
lemire-externalsortinginjava,f8f42f44ead1de474491422057814e9b2781382c,test146_2,21580,10,1,flaky,"org.junit.Assert.assertEquals(file26.toString(), ""/tmp/sortInBatch4553240085208334338flatfile"");"
lemire-externalsortinginjava,f8f42f44ead1de474491422057814e9b2781382c,test146_3,21676,10,1,flaky,"org.junit.Assert.assertEquals(file35.toString(), ""/tmp/sortInBatch7543633568549843992flatfile"");"
lemire-externalsortinginjava,f8f42f44ead1de474491422057814e9b2781382c,test146_4,21777,10,1,flaky,"org.junit.Assert.assertEquals(file50.toString(), ""/tmp/sortInBatch7509878925186964669flatfile"");"
lemire-externalsortinginjava,f8f42f44ead1de474491422057814e9b2781382c,test147_1,21857,10,1,flaky,"org.junit.Assert.assertEquals(file13.toString(), ""/tmp/sortInBatch6344521509396425396flatfile"");"
lemire-externalsortinginjava,f8f42f44ead1de474491422057814e9b2781382c,test147_2,21986,10,1,flaky,"org.junit.Assert.assertEquals(file27.toString(), ""/tmp/sortInBatch1764169830497612667flatfile"");"
lemire-externalsortinginjava,f8f42f44ead1de474491422057814e9b2781382c,test147_3,22115,10,1,flaky,"org.junit.Assert.assertEquals(file41.toString(), ""/tmp/sortInBatch1026425459409288255flatfile"");"
lemire-externalsortinginjava,f8f42f44ead1de474491422057814e9b2781382c,test147_4,22243,10,1,flaky,"org.junit.Assert.assertEquals(file54.toString(), ""/tmp/sortInBatch540265820233476402flatfile"");"
lemire-externalsortinginjava,f8f42f44ead1de474491422057814e9b2781382c,test147_5,22368,10,1,flaky,"org.junit.Assert.assertEquals(file63.toString(), ""/tmp/sortInBatch7987038051561545374flatfile"");"
lemire-externalsortinginjava,f8f42f44ead1de474491422057814e9b2781382c,test151_1,22435,10,1,flaky,"org.junit.Assert.assertEquals(file12.toString(), ""/tmp/sortInBatch2068150273242901737flatfile"");"
lemire-externalsortinginjava,f8f42f44ead1de474491422057814e9b2781382c,test151_2,22533,10,1,flaky,"org.junit.Assert.assertEquals(file25.toString(), ""/tmp/sortInBatch4753127049512441612flatfile"");"
lemire-externalsortinginjava,f8f42f44ead1de474491422057814e9b2781382c,test151_3,22628,10,1,flaky,"org.junit.Assert.assertEquals(file34.toString(), ""/tmp/sortInBatch3888877726834791967flatfile"");"
lemire-externalsortinginjava,f8f42f44ead1de474491422057814e9b2781382c,test151_4,22729,10,1,flaky,"org.junit.Assert.assertEquals(file50.toString(), ""/tmp/sortInBatch3277779432996378449flatfile"");"
lemire-externalsortinginjava,f8f42f44ead1de474491422057814e9b2781382c,test155_1,22771,10,1,flaky,"org.junit.Assert.assertEquals(file12.toString(), ""/tmp/sortInBatch6739202907274004094flatfile"");"
lemire-externalsortinginjava,f8f42f44ead1de474491422057814e9b2781382c,test155_2,22837,10,1,flaky,"org.junit.Assert.assertEquals(file25.toString(), ""/tmp/sortInBatch2332702632493832656flatfile"");"
lemire-externalsortinginjava,f8f42f44ead1de474491422057814e9b2781382c,test155_3,22900,10,1,flaky,"org.junit.Assert.assertEquals(file34.toString(), ""/tmp/sortInBatch1268019098540107674flatfile"");"
lemire-externalsortinginjava,f8f42f44ead1de474491422057814e9b2781382c,test159_1,22981,10,1,flaky,"org.junit.Assert.assertEquals(file12.toString(), ""/tmp/sortInBatch8807992650462996093flatfile"");"
lemire-externalsortinginjava,f8f42f44ead1de474491422057814e9b2781382c,test159_2,23114,10,1,flaky,"org.junit.Assert.assertEquals(file25.toString(), ""/tmp/sortInBatch2052363738830456917flatfile"");"
lemire-externalsortinginjava,f8f42f44ead1de474491422057814e9b2781382c,test159_3,23244,10,1,flaky,"org.junit.Assert.assertEquals(file34.toString(), ""/tmp/sortInBatch7956511552462487065flatfile"");"
lemire-externalsortinginjava,f8f42f44ead1de474491422057814e9b2781382c,test159_4,23377,10,1,flaky,"org.junit.Assert.assertEquals(file47.toString(), ""/tmp/sortInBatch5773173689224206985flatfile"");"
lemire-externalsortinginjava,f8f42f44ead1de474491422057814e9b2781382c,test159_5,23510,10,1,flaky,"org.junit.Assert.assertEquals(file60.toString(), ""/tmp/sortInBatch4374944640867227093flatfile"");"
lemire-externalsortinginjava,f8f42f44ead1de474491422057814e9b2781382c,test159_6,23640,10,1,flaky,"org.junit.Assert.assertEquals(file69.toString(), ""/tmp/sortInBatch1213947859320056394flatfile"");"
lemire-externalsortinginjava,f8f42f44ead1de474491422057814e9b2781382c,test160_1,23696,10,1,flaky,"org.junit.Assert.assertEquals(file14.toString(), ""/tmp/sortInBatch3194321817318874843flatfile"");"
lemire-externalsortinginjava,f8f42f44ead1de474491422057814e9b2781382c,test160_2,23774,10,1,flaky,"org.junit.Assert.assertEquals(file27.toString(), ""/tmp/sortInBatch4879100207679753069flatfile"");"
lemire-externalsortinginjava,f8f42f44ead1de474491422057814e9b2781382c,test160_3,23849,10,1,flaky,"org.junit.Assert.assertEquals(file36.toString(), ""/tmp/sortInBatch4229521970369829262flatfile"");"
lemire-externalsortinginjava,f8f42f44ead1de474491422057814e9b2781382c,test170_1,23912,10,1,flaky,"org.junit.Assert.assertEquals(file14.toString(), ""/tmp/sortInBatch589790910834833274flatfile"");"
lemire-externalsortinginjava,f8f42f44ead1de474491422057814e9b2781382c,test170_2,24006,10,1,flaky,"org.junit.Assert.assertEquals(file27.toString(), ""/tmp/sortInBatch6293644556461072941flatfile"");"
lemire-externalsortinginjava,f8f42f44ead1de474491422057814e9b2781382c,test170_3,24097,10,1,flaky,"org.junit.Assert.assertEquals(file36.toString(), ""/tmp/sortInBatch3141196573787082795flatfile"");"
lemire-externalsortinginjava,f8f42f44ead1de474491422057814e9b2781382c,test173_1,24184,10,1,flaky,"org.junit.Assert.assertEquals(file12.toString(), ""/tmp/sortInBatch7809294706907381569flatfile"");"
lemire-externalsortinginjava,f8f42f44ead1de474491422057814e9b2781382c,test173_2,24314,10,1,flaky,"org.junit.Assert.assertEquals(file26.toString(), ""/tmp/sortInBatch6793783955227220658flatfile"");"
lemire-externalsortinginjava,f8f42f44ead1de474491422057814e9b2781382c,test173_3,24448,10,1,flaky,"org.junit.Assert.assertEquals(file45.toString(), ""/tmp/sortInBatch8252169316189875565flatfile"");"
lemire-externalsortinginjava,f8f42f44ead1de474491422057814e9b2781382c,test173_4,24577,10,1,flaky,"org.junit.Assert.assertEquals(file58.toString(), ""/tmp/sortInBatch7652412737509573175flatfile"");"
lemire-externalsortinginjava,f8f42f44ead1de474491422057814e9b2781382c,test173_5,24703,10,1,flaky,"org.junit.Assert.assertEquals(file67.toString(), ""/tmp/sortInBatch5885787645696396930flatfile"");"
lemire-externalsortinginjava,f8f42f44ead1de474491422057814e9b2781382c,test180_1,24807,10,1,flaky,"org.junit.Assert.assertEquals(file12.toString(), ""/tmp/sortInBatch1926530678779828850flatfile"");"
lemire-externalsortinginjava,f8f42f44ead1de474491422057814e9b2781382c,test180_2,24932,10,1,flaky,"org.junit.Assert.assertEquals(file26.toString(), ""/tmp/sortInBatch2137409754525444877flatfile"");"
lemire-externalsortinginjava,f8f42f44ead1de474491422057814e9b2781382c,test180_3,25062,10,1,flaky,"org.junit.Assert.assertEquals(file53.toString(), ""/tmp/sortInBatch9153373452784568270flatfile"");"
lemire-externalsortinginjava,f8f42f44ead1de474491422057814e9b2781382c,test180_4,25187,10,1,flaky,"org.junit.Assert.assertEquals(file67.toString(), ""/tmp/sortInBatch7909492476394189346flatfile"");"
lemire-externalsortinginjava,f8f42f44ead1de474491422057814e9b2781382c,test180_5,25308,10,1,flaky,"org.junit.Assert.assertEquals(file76.toString(), ""/tmp/sortInBatch1163131319898160746flatfile"");"
lemire-externalsortinginjava,f8f42f44ead1de474491422057814e9b2781382c,test188_1,25398,10,1,flaky,"org.junit.Assert.assertEquals(file15.toString(), ""/tmp/sortInBatch3521260163579191269flatfile"");"
lemire-externalsortinginjava,f8f42f44ead1de474491422057814e9b2781382c,test188_2,25540,10,1,flaky,"org.junit.Assert.assertEquals(file29.toString(), ""/tmp/sortInBatch2128174888908095513flatfile"");"
lemire-externalsortinginjava,f8f42f44ead1de474491422057814e9b2781382c,test188_3,25687,10,1,flaky,"org.junit.Assert.assertEquals(file56.toString(), ""/tmp/sortInBatch4270557025779235161flatfile"");"
lemire-externalsortinginjava,f8f42f44ead1de474491422057814e9b2781382c,test188_4,25829,10,1,flaky,"org.junit.Assert.assertEquals(file70.toString(), ""/tmp/sortInBatch6581927276079095646flatfile"");"
lemire-externalsortinginjava,f8f42f44ead1de474491422057814e9b2781382c,test188_5,25967,10,1,flaky,"org.junit.Assert.assertEquals(file79.toString(), ""/tmp/sortInBatch3368806765088205619flatfile"");"
lemire-externalsortinginjava,f8f42f44ead1de474491422057814e9b2781382c,test189_1,26066,10,1,flaky,"org.junit.Assert.assertEquals(file12.toString(), ""/tmp/sortInBatch129448241659593888flatfile"");"
lemire-externalsortinginjava,f8f42f44ead1de474491422057814e9b2781382c,test189_2,26232,10,1,flaky,"org.junit.Assert.assertEquals(file27.toString(), ""/tmp/sortInBatch7367389331358785525flatfile"");"
lemire-externalsortinginjava,f8f42f44ead1de474491422057814e9b2781382c,test189_3,26397,10,1,flaky,"org.junit.Assert.assertEquals(file41.toString(), ""/tmp/sortInBatch5365773927239985719flatfile"");"
lemire-externalsortinginjava,f8f42f44ead1de474491422057814e9b2781382c,test189_4,26562,10,1,flaky,"org.junit.Assert.assertEquals(file55.toString(), ""/tmp/sortInBatch97906585243092983flatfile"");"
lemire-externalsortinginjava,f8f42f44ead1de474491422057814e9b2781382c,test189_5,26726,10,1,flaky,"org.junit.Assert.assertEquals(file68.toString(), ""/tmp/sortInBatch668702475777746036flatfile"");"
lemire-externalsortinginjava,f8f42f44ead1de474491422057814e9b2781382c,test189_6,26887,10,1,flaky,"org.junit.Assert.assertEquals(file77.toString(), ""/tmp/sortInBatch3262259407806900468flatfile"");"
lemire-externalsortinginjava,f8f42f44ead1de474491422057814e9b2781382c,test189_7,27054,10,1,flaky,"org.junit.Assert.assertEquals(file95.toString(), ""/tmp/sortInBatch8347839674903847555flatfile"");"
lemire-externalsortinginjava,f8f42f44ead1de474491422057814e9b2781382c,test192_1,27153,10,1,flaky,"org.junit.Assert.assertEquals(file30.toString(), ""/tmp/sortInBatch3354880956271769346flatfile"");"
lemire-externalsortinginjava,f8f42f44ead1de474491422057814e9b2781382c,test192_2,27300,10,1,flaky,"org.junit.Assert.assertEquals(file43.toString(), ""/tmp/sortInBatch6540266229855088425flatfile"");"
lemire-externalsortinginjava,f8f42f44ead1de474491422057814e9b2781382c,test192_3,27444,10,1,flaky,"org.junit.Assert.assertEquals(file52.toString(), ""/tmp/sortInBatch2360327983940161621flatfile"");"
lemire-externalsortinginjava,f8f42f44ead1de474491422057814e9b2781382c,test192_4,27592,10,1,flaky,"org.junit.Assert.assertEquals(file66.toString(), ""/tmp/sortInBatch7954039920180033025flatfile"");"
lemire-externalsortinginjava,f8f42f44ead1de474491422057814e9b2781382c,test192_5,27739,10,1,flaky,"org.junit.Assert.assertEquals(file79.toString(), ""/tmp/sortInBatch5451949991471709616flatfile"");"
lemire-externalsortinginjava,f8f42f44ead1de474491422057814e9b2781382c,test192_6,27883,10,1,flaky,"org.junit.Assert.assertEquals(file88.toString(), ""/tmp/sortInBatch3170001513209466590flatfile"");"
lemire-externalsortinginjava,f8f42f44ead1de474491422057814e9b2781382c,test195_1,27963,10,1,flaky,"org.junit.Assert.assertEquals(file13.toString(), ""/tmp/sortInBatch4881615128622039575flatfile"");"
lemire-externalsortinginjava,f8f42f44ead1de474491422057814e9b2781382c,test195_2,28097,10,1,flaky,"org.junit.Assert.assertEquals(file26.toString(), ""/tmp/sortInBatch2000530390185132901flatfile"");"
lemire-externalsortinginjava,f8f42f44ead1de474491422057814e9b2781382c,test195_3,28228,10,1,flaky,"org.junit.Assert.assertEquals(file35.toString(), ""/tmp/sortInBatch5401684554444204186flatfile"");"
lemire-externalsortinginjava,f8f42f44ead1de474491422057814e9b2781382c,test195_4,28365,10,1,flaky,"org.junit.Assert.assertEquals(file51.toString(), ""/tmp/sortInBatch2168208376536220498flatfile"");"
lemire-externalsortinginjava,f8f42f44ead1de474491422057814e9b2781382c,test195_5,28499,10,1,flaky,"org.junit.Assert.assertEquals(file64.toString(), ""/tmp/sortInBatch227231187568839559flatfile"");"
lemire-externalsortinginjava,f8f42f44ead1de474491422057814e9b2781382c,test195_6,28630,10,1,flaky,"org.junit.Assert.assertEquals(file73.toString(), ""/tmp/sortInBatch7720523749591754460flatfile"");"
lemire-externalsortinginjava,f8f42f44ead1de474491422057814e9b2781382c,test197_1,28723,10,1,flaky,"org.junit.Assert.assertEquals(file12.toString(), ""/tmp/sortInBatch3290189197138019310flatfile"");"
lemire-externalsortinginjava,f8f42f44ead1de474491422057814e9b2781382c,test197_2,28881,10,1,flaky,"org.junit.Assert.assertEquals(file25.toString(), ""/tmp/sortInBatch861046375385545522flatfile"");"
lemire-externalsortinginjava,f8f42f44ead1de474491422057814e9b2781382c,test197_3,29036,10,1,flaky,"org.junit.Assert.assertEquals(file34.toString(), ""/tmp/sortInBatch600567991404287105flatfile"");"
lemire-externalsortinginjava,f8f42f44ead1de474491422057814e9b2781382c,test197_4,29195,10,1,flaky,"org.junit.Assert.assertEquals(file48.toString(), ""/tmp/sortInBatch6527206069413116883flatfile"");"
lemire-externalsortinginjava,f8f42f44ead1de474491422057814e9b2781382c,test197_5,29354,10,1,flaky,"org.junit.Assert.assertEquals(file62.toString(), ""/tmp/sortInBatch2473448478972312380flatfile"");"
lemire-externalsortinginjava,f8f42f44ead1de474491422057814e9b2781382c,test197_6,29512,10,1,flaky,"org.junit.Assert.assertEquals(file75.toString(), ""/tmp/sortInBatch4207016210312386851flatfile"");"
lemire-externalsortinginjava,f8f42f44ead1de474491422057814e9b2781382c,test197_7,29667,10,1,flaky,"org.junit.Assert.assertEquals(file84.toString(), ""/tmp/sortInBatch234237467169310994flatfile"");"
lemire-externalsortinginjava,f8f42f44ead1de474491422057814e9b2781382c,test202_1,29717,10,1,flaky,"org.junit.Assert.assertEquals(file12.toString(), ""/tmp/sortInBatch2162918796472518446flatfile"");"
lemire-externalsortinginjava,f8f42f44ead1de474491422057814e9b2781382c,test202_2,29783,10,1,flaky,"org.junit.Assert.assertEquals(file25.toString(), ""/tmp/sortInBatch4169964823874539590flatfile"");"
lemire-externalsortinginjava,f8f42f44ead1de474491422057814e9b2781382c,test202_3,29846,10,1,flaky,"org.junit.Assert.assertEquals(file34.toString(), ""/tmp/sortInBatch1507938798367713389flatfile"");"
lemire-externalsortinginjava,f8f42f44ead1de474491422057814e9b2781382c,test203_1,29904,10,1,flaky,"org.junit.Assert.assertEquals(file12.toString(), ""/tmp/sortInBatch1528724711424455373flatfile"");"
lemire-externalsortinginjava,f8f42f44ead1de474491422057814e9b2781382c,test203_2,29994,10,1,flaky,"org.junit.Assert.assertEquals(file25.toString(), ""/tmp/sortInBatch768200483502945347flatfile"");"
lemire-externalsortinginjava,f8f42f44ead1de474491422057814e9b2781382c,test203_3,30084,10,1,flaky,"org.junit.Assert.assertEquals(file38.toString(), ""/tmp/sortInBatch2916975844315553546flatfile"");"
lemire-externalsortinginjava,f8f42f44ead1de474491422057814e9b2781382c,test203_4,30171,10,1,flaky,"org.junit.Assert.assertEquals(file47.toString(), ""/tmp/sortInBatch6490965866376349410flatfile"");"
lemire-externalsortinginjava,f8f42f44ead1de474491422057814e9b2781382c,test204_1,30238,10,1,flaky,"org.junit.Assert.assertEquals(file14.toString(), ""/tmp/sortInBatch6958884706176275819flatfile"");"
lemire-externalsortinginjava,f8f42f44ead1de474491422057814e9b2781382c,test204_2,30348,10,1,flaky,"org.junit.Assert.assertEquals(file31.toString(), ""/tmp/sortInBatch816931977592004433flatfile"");"
lemire-externalsortinginjava,f8f42f44ead1de474491422057814e9b2781382c,test204_3,30456,10,1,flaky,"org.junit.Assert.assertEquals(file45.toString(), ""/tmp/sortInBatch8656008144578762454flatfile"");"
lemire-externalsortinginjava,f8f42f44ead1de474491422057814e9b2781382c,test204_4,30563,10,1,flaky,"org.junit.Assert.assertTrue(""'"" + long61 + ""' != '"" + 168L + ""'"", long61 == 168L);"
lemire-externalsortinginjava,f8f42f44ead1de474491422057814e9b2781382c,test205_1,30632,10,1,flaky,"org.junit.Assert.assertEquals(file13.toString(), ""/tmp/sortInBatch5195860759089063133flatfile"");"
lemire-externalsortinginjava,f8f42f44ead1de474491422057814e9b2781382c,test205_2,30746,10,1,flaky,"org.junit.Assert.assertEquals(file30.toString(), ""/tmp/sortInBatch8813649084294830753flatfile"");"
lemire-externalsortinginjava,f8f42f44ead1de474491422057814e9b2781382c,test205_3,30858,10,1,flaky,"org.junit.Assert.assertEquals(file44.toString(), ""/tmp/sortInBatch709662423058228269flatfile"");"
lemire-externalsortinginjava,f8f42f44ead1de474491422057814e9b2781382c,test207_1,30951,10,1,flaky,"org.junit.Assert.assertEquals(file14.toString(), ""/tmp/sortInBatch4551080699023381500flatfile"");"
lemire-externalsortinginjava,f8f42f44ead1de474491422057814e9b2781382c,test207_2,31093,10,1,flaky,"org.junit.Assert.assertEquals(file41.toString(), ""/tmp/sortInBatch6081066306635473487flatfile"");"
lemire-externalsortinginjava,f8f42f44ead1de474491422057814e9b2781382c,test207_3,31228,10,1,flaky,"org.junit.Assert.assertEquals(file55.toString(), ""/tmp/sortInBatch4950536912482642721flatfile"");"
lemire-externalsortinginjava,f8f42f44ead1de474491422057814e9b2781382c,test207_4,31368,10,1,flaky,"org.junit.Assert.assertEquals(file82.toString(), ""/tmp/sortInBatch861318423888831573flatfile"");"
lemire-externalsortinginjava,f8f42f44ead1de474491422057814e9b2781382c,test208_1,31452,10,1,flaky,"org.junit.Assert.assertEquals(file12.toString(), ""/tmp/sortInBatch5566032917910603446flatfile"");"
lemire-externalsortinginjava,f8f42f44ead1de474491422057814e9b2781382c,test208_2,31598,10,1,flaky,"org.junit.Assert.assertEquals(file25.toString(), ""/tmp/sortInBatch7828402360520209424flatfile"");"
lemire-externalsortinginjava,f8f42f44ead1de474491422057814e9b2781382c,test208_3,31741,10,1,flaky,"org.junit.Assert.assertEquals(file34.toString(), ""/tmp/sortInBatch3681978608687258489flatfile"");"
lemire-externalsortinginjava,f8f42f44ead1de474491422057814e9b2781382c,test208_4,31888,10,1,flaky,"org.junit.Assert.assertEquals(file48.toString(), ""/tmp/sortInBatch4752843446903212560flatfile"");"
lemire-externalsortinginjava,f8f42f44ead1de474491422057814e9b2781382c,test208_5,32034,10,1,flaky,"org.junit.Assert.assertEquals(file61.toString(), ""/tmp/sortInBatch1661092165751257310flatfile"");"
lemire-externalsortinginjava,f8f42f44ead1de474491422057814e9b2781382c,test208_6,32177,10,1,flaky,"org.junit.Assert.assertEquals(file70.toString(), ""/tmp/sortInBatch4905601557078667603flatfile"");"
lemire-externalsortinginjava,f8f42f44ead1de474491422057814e9b2781382c,test208_7,32323,10,1,flaky,"org.junit.Assert.assertEquals(file84.toString(), ""/tmp/sortInBatch7557949265230870457flatfile"");"
lemire-externalsortinginjava,f8f42f44ead1de474491422057814e9b2781382c,test209_1,32409,10,1,flaky,"org.junit.Assert.assertEquals(file12.toString(), ""/tmp/sortInBatch942828146711214782flatfile"");"
lemire-externalsortinginjava,f8f42f44ead1de474491422057814e9b2781382c,test209_2,32548,10,1,flaky,"org.junit.Assert.assertEquals(file25.toString(), ""/tmp/sortInBatch6687582536363234748flatfile"");"
lemire-externalsortinginjava,f8f42f44ead1de474491422057814e9b2781382c,test209_3,32684,10,1,flaky,"org.junit.Assert.assertEquals(file34.toString(), ""/tmp/sortInBatch7798717574909925909flatfile"");"
lemire-externalsortinginjava,f8f42f44ead1de474491422057814e9b2781382c,test209_4,32827,10,1,flaky,"org.junit.Assert.assertEquals(file51.toString(), ""/tmp/sortInBatch5825277376236467039flatfile"");"
lemire-externalsortinginjava,f8f42f44ead1de474491422057814e9b2781382c,test209_5,32977,10,1,flaky,"org.junit.Assert.assertEquals(file85.toString(), ""/tmp/sortInBatch4958807582938970927flatfile"");"
lemire-externalsortinginjava,f8f42f44ead1de474491422057814e9b2781382c,test212_1,33048,10,1,flaky,"org.junit.Assert.assertEquals(file12.toString(), ""/tmp/sortInBatch8207688948796125346flatfile"");"
lemire-externalsortinginjava,f8f42f44ead1de474491422057814e9b2781382c,test212_2,33169,10,1,flaky,"org.junit.Assert.assertEquals(file25.toString(), ""/tmp/sortInBatch5366094092482744961flatfile"");"
lemire-externalsortinginjava,f8f42f44ead1de474491422057814e9b2781382c,test212_3,33287,10,1,flaky,"org.junit.Assert.assertEquals(file34.toString(), ""/tmp/sortInBatch7141861931452185182flatfile"");"
lemire-externalsortinginjava,f8f42f44ead1de474491422057814e9b2781382c,test212_4,33411,10,1,flaky,"org.junit.Assert.assertEquals(file50.toString(), ""/tmp/sortInBatch18065747789778618flatfile"");"
lemire-externalsortinginjava,f8f42f44ead1de474491422057814e9b2781382c,test212_5,33533,10,1,flaky,"org.junit.Assert.assertEquals(file64.toString(), ""/tmp/sortInBatch872673121297286944flatfile"");"
lemire-externalsortinginjava,f8f42f44ead1de474491422057814e9b2781382c,test214_1,33609,10,1,flaky,"org.junit.Assert.assertEquals(file12.toString(), ""/tmp/sortInBatch931679575021263491flatfile"");"
lemire-externalsortinginjava,f8f42f44ead1de474491422057814e9b2781382c,test214_2,33732,10,1,flaky,"org.junit.Assert.assertEquals(file25.toString(), ""/tmp/sortInBatch5549763926512048809flatfile"");"
lemire-externalsortinginjava,f8f42f44ead1de474491422057814e9b2781382c,test214_3,33852,10,1,flaky,"org.junit.Assert.assertEquals(file34.toString(), ""/tmp/sortInBatch4976839425224568677flatfile"");"
lemire-externalsortinginjava,f8f42f44ead1de474491422057814e9b2781382c,test214_4,33979,10,1,flaky,"org.junit.Assert.assertEquals(file51.toString(), ""/tmp/sortInBatch7454048169859510760flatfile"");"
lemire-externalsortinginjava,f8f42f44ead1de474491422057814e9b2781382c,test214_5,34103,10,1,flaky,"org.junit.Assert.assertEquals(file65.toString(), ""/tmp/sortInBatch6522035164794378424flatfile"");"
lemire-externalsortinginjava,f8f42f44ead1de474491422057814e9b2781382c,test215_1,34150,10,1,flaky,"org.junit.Assert.assertEquals(file12.toString(), ""/tmp/sortInBatch601698989098780568flatfile"");"
lemire-externalsortinginjava,f8f42f44ead1de474491422057814e9b2781382c,test215_2,34218,10,1,flaky,"org.junit.Assert.assertEquals(file25.toString(), ""/tmp/sortInBatch1995121594544956050flatfile"");"
lemire-externalsortinginjava,f8f42f44ead1de474491422057814e9b2781382c,test215_3,34283,10,1,flaky,"org.junit.Assert.assertEquals(file34.toString(), ""/tmp/sortInBatch2613072820061013642flatfile"");"
lemire-externalsortinginjava,f8f42f44ead1de474491422057814e9b2781382c,test217_1,34355,10,1,flaky,"org.junit.Assert.assertEquals(file13.toString(), ""/tmp/sortInBatch1777242870510762859flatfile"");"
lemire-externalsortinginjava,f8f42f44ead1de474491422057814e9b2781382c,test217_2,34471,10,1,flaky,"org.junit.Assert.assertEquals(file30.toString(), ""/tmp/sortInBatch2776065345812489968flatfile"");"
lemire-externalsortinginjava,f8f42f44ead1de474491422057814e9b2781382c,test217_3,34585,10,1,flaky,"org.junit.Assert.assertEquals(file44.toString(), ""/tmp/sortInBatch213597414685496016flatfile"");"
lemire-externalsortinginjava,f8f42f44ead1de474491422057814e9b2781382c,test217_4,34698,10,1,flaky,"org.junit.Assert.assertTrue(""'"" + long60 + ""' != '"" + 168L + ""'"", long60 == 168L);"
lemire-externalsortinginjava,f8f42f44ead1de474491422057814e9b2781382c,test218_1,34774,10,1,flaky,"org.junit.Assert.assertEquals(file12.toString(), ""/tmp/sortInBatch6449944367004546888flatfile"");"
lemire-externalsortinginjava,f8f42f44ead1de474491422057814e9b2781382c,test218_2,34901,10,1,flaky,"org.junit.Assert.assertEquals(file26.toString(), ""/tmp/sortInBatch7680699450628065855flatfile"");"
lemire-externalsortinginjava,f8f42f44ead1de474491422057814e9b2781382c,test218_3,35033,10,1,flaky,"org.junit.Assert.assertEquals(file53.toString(), ""/tmp/sortInBatch209528595668566618flatfile"");"
lemire-externalsortinginjava,f8f42f44ead1de474491422057814e9b2781382c,test218_4,35160,10,1,flaky,"org.junit.Assert.assertEquals(file67.toString(), ""/tmp/sortInBatch841664590729140513flatfile"");"
lemire-externalsortinginjava,f8f42f44ead1de474491422057814e9b2781382c,test218_5,35283,10,1,flaky,"org.junit.Assert.assertEquals(file76.toString(), ""/tmp/sortInBatch588966476447605107flatfile"");"
lemire-externalsortinginjava,f8f42f44ead1de474491422057814e9b2781382c,test219_1,35373,10,1,flaky,"org.junit.Assert.assertEquals(file12.toString(), ""/tmp/sortInBatch9111714297419776509flatfile"");"
lemire-externalsortinginjava,f8f42f44ead1de474491422057814e9b2781382c,test219_2,35520,10,1,flaky,"org.junit.Assert.assertEquals(file29.toString(), ""/tmp/sortInBatch4019358860551073818flatfile"");"
lemire-externalsortinginjava,f8f42f44ead1de474491422057814e9b2781382c,test219_3,35673,10,1,flaky,"org.junit.Assert.assertEquals(file63.toString(), ""/tmp/sortInBatch8773443160965132592flatfile"");"
lemire-externalsortinginjava,f8f42f44ead1de474491422057814e9b2781382c,test219_4,35817,10,1,flaky,"org.junit.Assert.assertEquals(file76.toString(), ""/tmp/sortInBatch4836896545158733961flatfile"");"
lemire-externalsortinginjava,f8f42f44ead1de474491422057814e9b2781382c,test219_5,35958,10,1,flaky,"org.junit.Assert.assertEquals(file85.toString(), ""/tmp/sortInBatch2902468110118056407flatfile"");"
lemire-externalsortinginjava,f8f42f44ead1de474491422057814e9b2781382c,test224_1,36032,10,1,flaky,"org.junit.Assert.assertEquals(file12.toString(), ""/tmp/sortInBatch2477174065377870445flatfile"");"
lemire-externalsortinginjava,f8f42f44ead1de474491422057814e9b2781382c,test224_2,36156,10,1,flaky,"org.junit.Assert.assertEquals(file25.toString(), ""/tmp/sortInBatch6480880112989703210flatfile"");"
lemire-externalsortinginjava,f8f42f44ead1de474491422057814e9b2781382c,test224_3,36277,10,1,flaky,"org.junit.Assert.assertEquals(file34.toString(), ""/tmp/sortInBatch569107807994091229flatfile"");"
lemire-externalsortinginjava,f8f42f44ead1de474491422057814e9b2781382c,test224_4,36405,10,1,flaky,"org.junit.Assert.assertEquals(file51.toString(), ""/tmp/sortInBatch6634026834009068543flatfile"");"
lemire-externalsortinginjava,f8f42f44ead1de474491422057814e9b2781382c,test224_5,36530,10,1,flaky,"org.junit.Assert.assertEquals(file65.toString(), ""/tmp/sortInBatch4836537489222867943flatfile"");"
lemire-externalsortinginjava,f8f42f44ead1de474491422057814e9b2781382c,test231_1,36623,10,1,flaky,"org.junit.Assert.assertEquals(file14.toString(), ""/tmp/sortInBatch1476095374031326175flatfile"");"
lemire-externalsortinginjava,f8f42f44ead1de474491422057814e9b2781382c,test231_2,36771,10,1,flaky,"org.junit.Assert.assertEquals(file30.toString(), ""/tmp/sortInBatch8355082476960685715flatfile"");"
lemire-externalsortinginjava,f8f42f44ead1de474491422057814e9b2781382c,test231_3,36918,10,1,flaky,"org.junit.Assert.assertEquals(file44.toString(), ""/tmp/sortInBatch1665011659515447281flatfile"");"
lemire-externalsortinginjava,f8f42f44ead1de474491422057814e9b2781382c,test231_4,37068,10,1,flaky,"org.junit.Assert.assertEquals(file62.toString(), ""/tmp/sortInBatch8868318145535872709flatfile"");"
lemire-externalsortinginjava,f8f42f44ead1de474491422057814e9b2781382c,test231_5,37215,10,1,flaky,"org.junit.Assert.assertEquals(file76.toString(), ""/tmp/sortInBatch7950704676333610138flatfile"");"
lemire-externalsortinginjava,f8f42f44ead1de474491422057814e9b2781382c,test232_1,37307,10,1,flaky,"org.junit.Assert.assertEquals(file12.toString(), ""/tmp/sortInBatch718373038061635023flatfile"");"
lemire-externalsortinginjava,f8f42f44ead1de474491422057814e9b2781382c,test232_2,37458,10,1,flaky,"org.junit.Assert.assertEquals(file25.toString(), ""/tmp/sortInBatch1118088424960762029flatfile"");"
lemire-externalsortinginjava,f8f42f44ead1de474491422057814e9b2781382c,test232_3,37606,10,1,flaky,"org.junit.Assert.assertEquals(file34.toString(), ""/tmp/sortInBatch5751775488530353945flatfile"");"
lemire-externalsortinginjava,f8f42f44ead1de474491422057814e9b2781382c,test232_4,37758,10,1,flaky,"org.junit.Assert.assertEquals(file48.toString(), ""/tmp/sortInBatch6745549180493143186flatfile"");"
lemire-externalsortinginjava,f8f42f44ead1de474491422057814e9b2781382c,test232_5,37909,10,1,flaky,"org.junit.Assert.assertEquals(file61.toString(), ""/tmp/sortInBatch8827956457552784070flatfile"");"
lemire-externalsortinginjava,f8f42f44ead1de474491422057814e9b2781382c,test232_6,38061,10,1,flaky,"org.junit.Assert.assertEquals(file75.toString(), ""/tmp/sortInBatch4527742247021117911flatfile"");"
